RDIST_ML,RDIST_AP,RDIST,MDIST_ML,MDIST_AP,MDIST,TOTEX_ML,TOTEX_AP,TOTEX,MVELO_ML,MVELO_AP,MVELO,MFREQ_ML,MFREQ_AP,MFREQ,AREA_CE,RDIST_ML,RDIST_AP,RDIST,MDIST_ML,MDIST_AP,MDIST,TOTEX_ML,TOTEX_AP,TOTEX,MVELO_ML,MVELO_AP,MVELO,MFREQ_ML,MFREQ_AP,MFREQ,AREA_CE,RDIST_ML,RDIST_AP,RDIST,MDIST_ML,MDIST_AP,MDIST,TOTEX_ML,TOTEX_AP,TOTEX,MVELO_ML,MVELO_AP,MVELO,MFREQ_ML,MFREQ_AP,MFREQ,AREA_CE,RDIST_ML,RDIST_AP,RDIST,MDIST_ML,MDIST_AP,MDIST,TOTEX_ML,TOTEX_AP,TOTEX,MVELO_ML,MVELO_AP,MVELO,MFREQ_ML,MFREQ_AP,MFREQ,AREA_CE
-0.3365839355587223,-0.23485736545282337,-0.21944424877011146,-0.3489144289048919,-0.2502704821355353,-0.23793998878936579,0.7115079988656908,0.9766136058083366,1.5376510530590515,-0.2934272088471288,-0.2656835988182473,-0.21019637876048428,-0.35816229891451906,-0.3704927922606886,-0.3489144289048919,0.24911449838433206,-0.21929105625834916,-0.14523900107965038,-0.12055498268675074,-0.23692249796756318,-0.15758101027610016,-0.12760755937043636,0.33609935758189186,0.3343362134109704,0.7257542193555211,-0.24750136299309153,-0.24750136299309153,-0.20871219123282078,-0.2951062556079693,-0.30039568812073353,-0.29686939977889076,1.2070925780170634,-0.17497464345062327,-0.1605861265148892,-0.14105885353067868,-0.1842244043378809,-0.17703014587001384,-0.15647512167610803,0.536229193658518,0.4313985702695983,0.8651095807610112,-0.15441961925671746,-0.16572488256336562,-0.12153158054646813,-0.21094593578995843,-0.2150569406287396,-0.20786268216087259,0.23715359163718833,0.34,0.42,0.54,0.27,0.36,0.48,6.21,3.19,7.64,0.62,0.32,0.76,0.21,0.09,0.25,2.57
-0.6552558036892091,-0.6371485621364849,-0.5103978712674152,-0.6733630452419335,-0.6552558036892091,-0.5285051128201395,2.3867607771684662,1.8073290474812898,3.8534473429391305,-0.6190413205837607,-0.6733630452419335,-0.4741833881619666,-0.8001137361110032,-0.8182209776637275,-0.6190413205837607,-0.38364718039834533,-0.9072876707377133,-0.7626999941261253,-0.6759473881591727,-0.9362052060600307,-0.8494526000930781,-0.7337824588038078,1.695290508270867,3.4881776982545563,4.818384323081163,-0.8783701354153957,-0.7048649234814903,-0.5602772468699025,-0.9940402767046659,-0.9362052060600307,-0.531359711547585,-0.531359711547585,-0.3467398504779029,-0.42547553704930435,-0.3104003028295637,-0.3891359894009652,-0.4375887195987508,-0.3406832592031797,1.6337654963565817,0.6465411185767009,2.1788587110816695,-0.3225134853790101,-0.41941894577458116,-0.26800416390650134,-0.4618150846976436,-0.4920980410712596,-0.40730576322513484,0.16201381659884542,0.36,0.17,0.4,0.26,0.14,0.34,3.52,1.62,4.18,0.35,0.16,0.42,0.12,0.08,0.2,1.15
-0.06411840815789975,-0.06284453249913353,-0.06086294814105274,-0.06496765859707722,-0.06383532467817392,-0.061995282059956046,0.186127387919731,0.20056464538574814,0.3320569217183946,-0.04401948109736605,-0.04260406369873692,-0.029440681891485982,-0.06171219858023022,-0.062136823799818955,-0.05789057160393156,-0.042320980219011095,-0.0672139127213165,-0.06660795548590809,-0.06433561585312658,-0.06797135926557699,-0.0678198699567249,-0.06479008377968287,0.19031791232725495,0.2047093966682045,0.3455944539006583,-0.04706583464398708,-0.045550941555466073,-0.03146243583222069,-0.0656990196327955,-0.06539604101509128,-0.06176029760264085,-0.024948395551580353,-0.03949983684876481,-0.048154131228657034,-0.03934390361669469,-0.041059169169466114,-0.04854396430883236,-0.04066933608929079,0.20851196875877695,0.03503624808075732,0.24437661213490686,-0.024218380105892078,-0.041604935481711576,-0.020631915768279087,-0.045893099363640145,-0.04675073214002586,-0.04620496582778041,-0.005350459025406345,0.31,0.45,0.55,0.27,0.39,0.51,10.0,9.41,15.25,1.0,0.94,1.52,0.34,0.27,0.48,2.63
-0.6454797000673753,-0.49964603227294907,-0.4731308199466897,-0.658737306230505,-0.539418850762338,-0.5129036384360787,0.9852058579975733,2.4833153544312254,3.2389989057296162,-0.5659340630885974,-0.4201003952941711,-0.3405547583153931,-0.618964487741116,-0.5924492754148567,-0.36706997064165237,-0.4731308199466897,-0.23416997225318728,-0.17149880427222575,-0.16302972751804176,-0.24263904900737127,-0.18335551172808337,-0.16980498892138898,0.21977254177107458,0.9379502505258769,1.1073317856095566,-0.22908852620067688,-0.1579482814655314,-0.1410101279571634,-0.261271017866576,-0.2511081257615553,-0.24602667970904488,0.18589623475433859,-0.13627598121410364,-0.10628084460824803,-0.0958979127062211,-0.1408906176150045,-0.11781743561050019,-0.10455035595791021,0.15502294159276336,0.37133402288499134,0.5109267740122424,-0.14262110626534233,-0.12070158336106322,-0.10685767415836064,-0.16800160647029708,-0.16569428826984664,-0.16684794737007186,0.535153615116972,0.34,0.21,0.4,0.23,0.17,0.31,4.6,2.79,5.89,0.46,0.28,0.59,0.17,0.12,0.3,0.97
-0.7159141755268147,-0.5965951462723456,-0.5284128438412203,-0.7670509023501586,-0.630686297487908,-0.5625039950567831,1.9602411948948493,2.0966057997571,3.750026633711886,-0.630686297487908,-0.6136407218801269,-0.4602305414100951,-0.7500053267423773,-0.7840964779579398,-0.5625039950567831,-0.20454690729337568,-0.8960737772250941,-0.54751995788308,-0.5010461153041449,-0.9193106985145615,-0.5939938004620153,-0.54751995788308,1.845882934932082,2.868307471668656,4.332233512905114,-0.8031260920672236,-0.7101784069093532,-0.5707568791725477,-0.9193106985145615,-0.9657845410934968,-0.7566522494882884,-0.3151507449884041,-0.35527654615751586,-0.16672303389556076,-0.15435886915707187,-0.36764071089600475,-0.20381552811102732,-0.185269281003294,0.3154793909055048,1.1315142636457696,1.4158900526310136,-0.3583675873421381,-0.2749094753573383,-0.24709010469573833,-0.40473320511147126,-0.40164216392684904,-0.39546008155760465,0.6524028800293262,0.79,0.46,0.91,0.7,0.38,0.81,5.28,4.59,7.75,0.53,0.46,0.78,0.11,0.13,0.15,3.97
-0.31714245437006,-0.300298373806007,-0.22871103140878177,-0.32977551479309974,-0.34240857521613943,-0.2539771522548613,0.7103464600371722,1.165136635266603,1.779945575854537,-0.38030775648525866,-0.33398653493411296,-0.27503225295992745,-0.4687391794465368,-0.45610611902349707,-0.43926203845944417,0.4703183119994172,-0.4603765847657452,-0.4691248334073746,-0.39039059563271034,-0.504117827973892,-0.4953695793322626,-0.4166353415575984,1.4729863650343435,1.429245121826197,2.6889929262208248,-0.43413183884085715,-0.43413183884085715,-0.3116563578580461,-0.5478590711820388,-0.5566073198236682,-0.44288008748248653,-0.1279431363838295,-0.14280130100083266,-0.1167539429696957,-0.10139268054107646,-0.15081587270272098,-0.1294436814976855,-0.11207877614359418,0.4449339571376427,0.1911391865778465,0.613239962877297,-0.13011156247284286,-0.15549103952882248,-0.1134145380939089,-0.18020263560964475,-0.18754932633637567,-0.18354204048543152,0.4542842907898458,0.63,0.38,0.74,0.47,0.3,0.59,10.87,7.46,14.35,1.1,0.75,1.45,0.28,0.25,0.39,2.86
-0.32635964980129606,-0.31819427936060685,-0.2773674271571609,-0.34269039068267443,-0.34269039068267443,-0.29369816803853926,0.6371540622000285,1.2822183270144745,1.8048020352185827,-0.32635964980129606,-0.2610366862757826,-0.20796177841130278,-0.3916826133268096,-0.36718650200474195,-0.33044233502164067,0.061495446131440465,-0.21870129351220316,-0.21540169832484318,-0.19725392479436335,-0.2286000790742831,-0.22200088869956314,-0.20220331757540327,0.6540416335445094,0.6309444672329897,1.1473311140548255,-0.17085716329548356,-0.17415675848284354,-0.12301303307876398,-0.2286000790742831,-0.23189967426164307,-0.20220331757540327,-0.017425987083244866,-0.24694296305836025,-0.2717488277978963,-0.21046829590240695,-0.2651030197991421,-0.2851177206325995,-0.2249963412950324,0.9153006683516774,0.543135420421442,1.3691475331968337,-0.23171942613098143,-0.26912141533327255,-0.18643519953481907,-0.3222106024861114,-0.32831547262450184,-0.30520969830325173,0.31980536092842277,0.47018554687499997,0.35481445312500004,0.6316406250000001,0.39090820312499996,0.30067382812500004,0.561708984375,6.3795703125,4.066669921875,8.385029296875,0.64001953125,0.41056640625,0.8427246093749999,0.17789062500000002,0.13664062500000002,0.24782226562499998,2.98740234375
-0.4434332562051651,-0.30713021284179787,-0.2856086796791609,-0.45060710059271075,-0.34299943477952605,-0.30713021284179787,0.15199582796112338,2.110455345761084,2.2898014554497252,-0.46495478936780205,-0.27126099090406963,-0.25691330212897834,-0.5008240113055302,-0.45060710059271075,-0.39321634549234563,-0.07756719244033722,-0.9041767509655593,-0.4252748580403527,-0.4252748580403527,-0.9041767509655593,-0.4851375946560036,-0.4851375946560036,1.3706072404291718,2.9469926379746436,3.964659160440708,-0.7245885411186068,-0.5649545768102047,-0.4651833491174533,-0.7245885411186068,-0.8243597688113582,-0.6447715589644057,-0.7046342955800566,-0.36866396802156204,-0.36866396802156204,-0.3219730169264829,-0.39979126875161475,-0.394603385296606,-0.34272455074651803,1.3381496886763298,0.8971795950005826,2.038513955102516,-0.30640936656145656,-0.34791243420152684,-0.2337789981913335,-0.4101670356616323,-0.4309185694816675,-0.34272455074651803,-0.005512126170946721,0.3,0.06,0.31,0.24,0.05,0.25,3.76,1.89,4.59,0.38,0.19,0.46,0.14,0.16,0.29,0.32
-0.3441777248529862,-0.17283847165921584,-0.16941168659534042,-0.351031294980737,-0.2071063222979699,-0.2036795372340945,0.16641324966444956,1.4343237232983503,1.591955836236619,-0.31333665927810755,-0.18654561191471744,-0.17283847165921584,-0.3270437995336092,-0.32019022940585834,-0.3030563040864813,-0.12143669570108472,-0.3835578162605653,-0.332755456490954,-0.31243451258310945,-0.40387876016840984,-0.3530764003987985,-0.32767522051399284,0.7188533907399998,1.4758085513072083,2.0041530929111655,-0.3429159284448763,-0.26671238879045933,-0.21591002902084802,-0.3987985241914487,-0.3835578162605653,-0.31243451258310945,-0.16510766925123674,-0.21373168058948672,-0.22319855879324474,-0.18857683279092974,-0.22373952326203092,-0.23428833040336125,-0.19723226429150845,0.7510784494906516,0.4957432202235783,1.1462529939389505,-0.18424911704064034,-0.20967444707359045,-0.14475871081924976,-0.25917269596752524,-0.26404137618660073,-0.24862388882619485,0.19821276239118343,0.36841552734375005,0.2954443359375,0.4805419921875,0.30078369140625,0.25094970703125,0.420029296875,6.652836914062499,5.3357958984375,9.383027343750001,0.6656396484375,0.533935546875,0.93794677734375,0.19399658203125,0.18687744140624998,0.3096826171875,2.3599951171875
-0.36026299198414846,-0.32004758822777835,-0.29323731905686495,-0.3826048829599096,-0.3379211010083873,-0.3111108318374739,0.6540588583154077,1.3689993695397642,1.8828628619822707,-0.33345272281323507,-0.2619586716907994,-0.21280651154412486,-0.391541639350214,-0.37813650476475735,-0.32451596642293057,0.0016756418231821495,-0.5546068062558819,-0.5546068062558819,-0.48236494275443725,-0.5907277380066042,-0.57868742742303,-0.5064455639215855,1.3236816447816775,2.082221211546846,3.1297282323177926,-0.5184858745051595,-0.446244011003715,-0.3378812157515481,-0.6148083591737524,-0.57868742742303,-0.3740021475022704,-0.39808276866941855,-0.2952181204134921,-0.3101658733458208,-0.24290098515034156,-0.3288505645112317,-0.34006137921047824,-0.2765334292480812,1.0799751493607501,0.7997047818795867,1.6965699578193099,-0.29148118218040997,-0.3213766880450673,-0.23169017045109505,-0.3961154527067109,-0.40358932917287527,-0.3699568850751357,0.23169017045109527,0.11,0.42,0.43,0.1,0.34,0.36,2.58,3.08,4.48,0.26,0.31,0.45,0.15,0.09,0.2,0.89
-0.12157370621161565,-0.08958192484100572,-0.08484240167498942,-0.12552330884996254,-0.0982710506453689,-0.09076680563250977,0.20821811409035088,0.25008390205682807,0.4499337955571815,-0.10972489829657492,-0.10538033539439333,-0.0852373619388241,-0.1361872359734992,-0.13855699755650733,-0.13816203729267265,0.4155722526035634,-0.1872910685440016,-0.11481848409052965,-0.1097622572681944,-0.19571811324789368,-0.12408823326481096,-0.11650389303130806,0.28293802593317674,0.41945615013622845,0.6629977420787097,-0.17043697913621741,-0.15695370760999008,-0.13251527796870302,-0.20498786242217495,-0.2108867937148994,-0.2100440892445102,0.5686148413951183,-0.24044814066317258,-0.25109837864240037,-0.21214893688979594,-0.2517069636697848,-0.26357437170378145,-0.221886297327947,0.8449632556769829,0.5577111227515255,1.2895346181813192,-0.2072802566707204,-0.23588375295778927,-0.162853549671656,-0.2915692829634659,-0.2970465482099258,-0.2797018749294692,0.22298935769008138,0.29109375000000004,0.2334375,0.37968750000000007,0.23765625,0.19828125,0.33187500000000003,5.256562499999999,4.2159375,7.41375,0.5259375,0.421875,0.7410937499999999,0.15328125,0.14765625,0.2446875,1.8646874999999998
-0.31780588029018036,-0.3419812879826188,-0.2734842995207099,-0.34601052259802517,-0.37018593029046365,-0.2855720033669291,0.9554322581782443,0.951403023562838,1.7491914774133068,-0.3258643495209932,-0.3258643495209932,-0.24527965721286502,-0.42256598029074693,-0.41450751105993416,-0.3903321033674957,0.40342711586756663,-0.2962855278710882,-0.3446175765977228,-0.2560088205988927,-0.33656223514328365,-0.37281127168825967,-0.2962855278710882,1.0932608730196565,0.8797943244770203,1.7376881893747846,-0.30836854005274683,-0.3325345644160641,-0.24392580841723402,-0.4171156496876746,-0.4171156496876746,-0.38086661314269876,0.29175439830296607,-0.2341203676282913,-0.24284704411530975,-0.19266865431495378,-0.24284704411530975,-0.2624820662111012,-0.2057586690454814,0.6429106193170611,0.7301773841872452,1.2952296867216886,-0.24721038235881895,-0.2384837058718005,-0.18176030870618073,-0.31920546337672095,-0.31484212513321175,-0.3039337795244388,0.3178419201756244,0.9,0.2,0.93,0.8,0.16,0.83,7.86,3.65,9.23,0.79,0.37,0.92,0.16,0.16,0.18,3.4
-0.18059469718755394,-0.18404555127394034,-0.16449071145108418,-0.19209754414217523,-0.1909472594467131,-0.17484327371024333,0.49002128026686603,0.5751423477310634,0.9512854431471789,-0.15183757980100077,-0.1437855869327659,-0.10582619198251571,-0.198999252314948,-0.19669868292402373,-0.1782941277966297,0.04601138781848501,-0.19345695253865397,-0.18835338907514454,-0.17687037128224836,-0.19983640686804074,-0.19473284340453134,-0.18069804387988042,0.546559749670212,0.5720775669877592,1.019915260910711,-0.1475248813670692,-0.1449730996353145,-0.10031691932960704,-0.19473284340453134,-0.19600873427040869,-0.16921502608698424,-0.05183306642626753,-0.1273924897734114,-0.13512000154735995,-0.12442036986035428,-0.13155345765169138,-0.13749769747780566,-0.12798691375602284,0.3974838868724785,0.3826232873071928,0.6887516383520775,-0.09172705081672579,-0.09291589878194864,-0.06260027566876589,-0.12620364180818855,-0.12085382596468572,-0.10183225852112006,-0.08875493090366866,0.72,0.9,1.15,0.53,0.8,1.04,18.58,17.05,27.87,1.86,1.7,2.79,0.45,0.34,0.43,11.24
-0.385339395336944,-0.2711647596815532,-0.26693606947209425,-0.3895680855464029,-0.3049942813572245,-0.29653690093830665,0.9509267108520745,1.1116169388115134,1.8474090352573653,-0.2838508303099299,-0.26693606947209425,-0.19081964570183368,-0.3261377324045191,-0.3684246344991083,-0.2923082107288477,-0.26693606947209425,-0.4000715724372708,-0.23647743010381275,-0.2280879869072252,-0.40426629403556463,-0.27422992448845696,-0.25745103809528175,0.879318515042337,1.0764704301621455,1.8524939258464976,-0.33295602686457004,-0.31198241887310113,-0.23647743010381275,-0.40426629403556463,-0.42523990202703355,-0.395876850838977,0.09910029775969097,-0.30588349314859836,-0.4105708918732523,-0.2954147532761329,-0.3320553428297618,-0.4210396317457177,-0.311117863084831,1.5732553139589402,0.5944281358834256,2.0181767585387194,-0.2744772735312021,-0.3739303023196234,-0.22736794410510786,-0.4105708918732523,-0.4210396317457177,-0.3529928225746926,-0.04939936627319614,0.28,1.42,1.44,0.19,1.15,1.2,3.51,5.63,7.58,0.35,0.56,0.76,0.14,0.09,0.1,7.35
-0.3431993550616147,-0.3478060578141196,-0.27409881377404127,-0.37083957157664404,-0.37083957157664404,-0.29713232753656577,1.0664516872048833,0.9236439018772316,1.8403777496257059,-0.3616261660716343,-0.37544627432914895,-0.2833122192790511,-0.4675803293792469,-0.4721870321317518,-0.4399401128642175,0.5735344926868595,-0.5487490807413601,-0.4529674230119591,-0.4103977973544475,-0.5806762999844938,-0.4955370486694706,-0.44232501659758117,1.1433935391447247,2.0479980843668457,2.9206754103458326,-0.5168218614982264,-0.4210402037688254,-0.3359009524538022,-0.6019611128132496,-0.5913187063988716,-0.4529674230119591,-0.261404107553157,-0.2627923724469175,-0.30000191190842795,-0.2542055556481074,-0.28282827831080776,-0.308588728707238,-0.26851691697945756,0.9221883457888767,0.7447274652801343,1.5347146107706637,-0.2112714716540569,-0.2284451052516771,-0.1511637540623862,-0.2856905505770778,-0.2771037337782677,-0.2112714716540569,-0.1597505708611963,0.35,0.19,0.39,0.28,0.17,0.36,3.24,2.55,4.54,0.32,0.25,0.45,0.11,0.11,0.2,1.15
-0.6299246805575919,-0.2707952075040682,-0.2707952075040682,-0.6415095022689958,-0.36347378119530016,-0.35188895948389615,0.19259766095209133,2.694919150615353,2.903445941420625,-0.5835853937119759,-0.32871931606108823,-0.3055496726382802,-0.560415750289168,-0.548830928577764,-0.45615235488653205,-0.47932199830934,-0.36549676095736033,-0.2755911985136211,-0.255158116140044,-0.3777566103815066,-0.304197513836629,-0.2715045820389057,0.6888502895192178,1.2241970477069377,1.7840635047429498,-0.34506367858378323,-0.2919376644124828,-0.2347250337664669,-0.4145361586539453,-0.41044954217922985,-0.381843226856222,0.2311492443510908,-0.17247332341282567,-0.28622672144998706,-0.16615369018853893,-0.20196494512616384,-0.2925463546742738,-0.19143222308568592,0.9587410237345015,0.36680204505964314,1.2368048856031182,-0.20196494512616384,-0.2609481885528401,-0.17457986782092128,-0.30097253230665616,-0.30097253230665616,-0.2925463546742738,0.28043372432772423,0.54,0.42,0.68,0.47,0.38,0.64,9.92,4.37,11.64,0.99,0.44,1.16,0.26,0.13,0.29,3.82
-0.7539618636796825,-0.5512158163036335,-0.5174248084076254,-0.7877528715756907,-0.635693336043654,-0.5850068241996416,1.4593491535088527,2.5575569101291182,3.6895556746453924,-0.635693336043654,-0.5343203123556294,-0.4160517847196008,-0.6863798478876663,-0.7201708557836745,-0.4329472886676049,-0.449842792615609,-0.3132290606481116,-0.43505959031455943,-0.2855403039057371,-0.3409178173904861,-0.4627483470569339,-0.30215355795116183,1.3148698358035091,0.9272272414102664,2.0569285164991458,-0.3686065741328606,-0.4073708335721849,-0.2966158066026869,-0.5015126064962583,-0.49597485514778333,-0.4682860984054088,0.378989857911251,-0.2770858737689929,-0.46034139600730933,-0.24184442718470125,-0.32642389898700114,-0.48853455327474254,-0.2911824524027095,1.7951111853873543,0.6673848946900225,2.3378294627854457,-0.3757619242050094,-0.48853455327474254,-0.31937560967014283,-0.5519691571264675,-0.5590174464433258,-0.5096794212253175,0.08942517070763996,0.96,0.33,1.01,0.84,0.28,0.92,9.34,3.79,10.79,0.93,0.38,1.08,0.18,0.13,0.19,5.48
-0.25079057224835144,-0.19370377838181527,-0.18633774046355253,-0.25815661016661423,-0.21211887317747213,-0.19922830682051232,0.8430660586136643,0.4545075584253052,1.204001916608538,-0.17528868358615846,-0.2158018921366035,-0.14030000347441046,-0.24158302485052305,-0.2692056670440083,-0.24158302485052305,0.08252264355303719,-0.16151790465065757,-0.15346159073666563,-0.14630042281311728,-0.16509848861243176,-0.1561470287079963,-0.14898586078444792,0.5528085957232932,0.3916823174434546,0.8464164805887766,-0.10959943720493184,-0.12571206503291565,-0.08005961952029478,-0.15435673672710917,-0.1642033426219882,-0.14003440088001243,-0.08543049546295604,-0.15571973395935837,-0.12630650462525558,-0.11841515041366701,-0.16145890065869553,-0.128458692137507,-0.12128473376333557,0.5380020408230177,0.18432589297636687,0.7223727710392233,-0.11411077538916416,-0.14926317142260412,-0.09545848361631847,-0.16504587984578126,-0.17939379659412408,-0.17078504654511836,0.24100016413232106,0.46,0.11,0.47,0.4,0.09,0.41,15.31,4.98,16.82,1.53,0.5,1.68,0.43,0.29,0.65,0.9
-0.2200847575351596,-0.29230493256791357,-0.1951812489031755,-0.23502686271435008,-0.3196987920630961,-0.20763300321916758,0.7337196230698321,0.5668661152355385,1.2492222517519034,-0.2748724765255247,-0.29230493256791357,-0.22257510839835803,-0.36203475673746904,-0.35456370414787386,-0.34958300242147705,0.776055587744205,-0.35593458634172204,-0.3020913907351197,-0.277240685070534,-0.3683599391740149,-0.33108388067713634,-0.29794960645768875,0.6588025616288602,1.3214880460178118,1.7895096693675088,-0.3269420963997054,-0.26067354796081027,-0.21097213663163886,-0.3849270762837387,-0.37250172345144583,-0.3269420963997054,0.04581848856907985,-0.3908268298161459,-0.1918945659001244,-0.1731273711910658,-0.4246077802924515,-0.22192207743461825,-0.21066176060918307,0.7239445359019367,0.9716715060615106,1.6210164429949392,-0.375813074048899,-0.3495390014562169,-0.2857305394454176,-0.44712841394332176,-0.46589560865238044,-0.4508818528851336,0.6713963907165725,0.77,0.14,0.78,0.6,0.11,0.63,7.83,3.01,8.94,0.78,0.3,0.89,0.18,0.16,0.23,1.54
-0.38883280815702115,-0.38883280815702115,-0.3556524085276221,-0.3998929413668209,-0.3998929413668209,-0.36118247513252194,1.248066906893336,1.0876949753512404,2.1273474970724133,-0.3058818090835233,-0.3224720088982229,-0.21740074340512566,-0.394362874761921,-0.40542300797172076,-0.28376154266392395,-0.23952100982472507,-0.38731144118797467,-0.35164275007090495,-0.301016220743451,-0.4075291785492631,-0.37646289918923453,-0.3209052144078079,0.9833854031679926,1.1985481528096715,2.016626842623756,-0.3608475735849875,-0.33915048958750726,-0.2574576809000248,-0.4517452057865524,-0.4494439999080317,-0.3965162647020572,0.20146852001637536,-0.4536672648963914,-0.3709473077642859,-0.3158006696762155,-0.49502724346244426,-0.4054139565693298,-0.3433739887202507,1.4626784086640539,1.0077186444374735,2.303664639507127,-0.41920061609134746,-0.46056059465740024,-0.3364806589592419,-0.5432805517895059,-0.5777472005945498,-0.5088139029844618,0.4562522635567697,0.12,0.23,0.26,0.1,0.18,0.23,2.92,2.61,4.35,0.29,0.26,0.44,0.16,0.11,0.3,0.51
-0.0952730809279413,-0.08734466920023466,-0.08285190255453424,-0.09685876327348261,-0.09210171623685864,-0.08575898685469334,0.2720766624557991,0.21314213527984655,0.44200895381964456,-0.07175212613574497,-0.07756629473606316,-0.05457390072571394,-0.10003012796456527,-0.10293721226472437,-0.10029440835548882,0.12011543767475541,-0.09974496751896579,-0.09749900122179567,-0.09172365931478679,-0.10263263847247023,-0.10070752450346726,-0.09429047794012406,0.32763033359969096,0.22944952118054007,0.49671951054378405,-0.07118911031208858,-0.08113553248527053,-0.05418393691922911,-0.10327434312880454,-0.10648286641047615,-0.10070752450346726,0.04977221740693065,-0.12247844921497321,-0.1305618825161382,-0.11728195637851001,-0.12767494205143645,-0.13344882298084,-0.12074628493615215,0.5178449458558827,0.21933530180571814,0.6645015214627334,-0.08090650652326752,-0.11035329926322571,-0.06589441610681823,-0.12709755395849606,-0.13402621107378035,-0.11901412065733107,-0.012197323463365026,0.31,0.39,0.5,0.24,0.31,0.44,14.13,15.35,22.94,1.41,1.54,2.29,0.51,0.49,0.83,2.25
-0.28292426049635483,-0.15032509528406812,-0.14295847499449663,-0.29213253585831916,-0.16874164600799682,-0.15953337064603249,0.38559653078225736,0.7152527887405813,1.0504340119160838,-0.26450770977242616,-0.23135791846935444,-0.19820812716628278,-0.3105490865822479,-0.3160740517994265,-0.3142323967270337,0.6802613423651166,-0.36579484810391455,-0.3946259691367353,-0.30813260603827275,-0.4003921933432995,-0.4292233143761204,-0.3369637270710936,1.0930598761568204,1.2256830329077963,2.1367464575449353,-0.3888597449301712,-0.3773272965170429,-0.28506770921201613,-0.49841800485489046,-0.48688555644176207,-0.44075576278924866,0.25695736620501586,-0.19529381492612147,-0.5868411195445863,-0.19529381492612147,-0.21832600931544294,-0.5868411195445863,-0.21832600931544294,1.9236680688914527,0.6645747756085463,2.430376345456525,-0.3641965737811455,-0.4870349438575266,-0.31045478687272876,-0.5561315270254911,-0.4947123419873004,-0.5254219345063957,-0.2797451943536335,0.18,1.17,1.19,0.13,1.07,1.08,3.46,4.2,6.13,0.35,0.42,0.61,0.17,0.07,0.09,3.58
-0.5334456753467864,-0.37888596257025275,-0.344539359731023,-0.5506189767664013,-0.42181921611928985,-0.37888596257025275,1.0636713566773952,1.6990835092031453,2.6264417858623474,-0.507685723217364,-0.4389925175389047,-0.3531260104408304,-0.6021388810252459,-0.6021388810252459,-0.5334456753467864,0.2565261899554971,-0.6150755604255124,-0.5215723873441993,-0.5098844907090352,-0.6267634570606765,-0.5449481806145277,-0.5332602839793634,1.6757521800666573,1.780943249783135,3.054923983016025,-0.46313290416837866,-0.4514450075332146,-0.3228781445464091,-0.5215723873441993,-0.5683239738848559,-0.2761265580057526,-0.5566360772496918,-0.19855157075650892,-0.2723758429418376,-0.1937887144864877,-0.2152215677015831,-0.27713869921185874,-0.21045871143156192,1.0993267628242693,0.34203261589089784,1.3612838576754356,-0.16044872059633927,-0.23665442091667852,-0.13425301111122265,-0.2604687022667846,-0.2652315585368058,-0.2318915646466573,-0.14616015178627564,0.21,0.12,0.24,0.17,0.1,0.21,3.78,2.86,5.16,0.38,0.29,0.52,0.16,0.16,0.39,0.35
-0.2630337592061468,-0.34513420313139026,-0.2380466675767249,-0.2880208508355688,-0.35941254120534566,-0.24875542113219143,1.186217555300324,0.5258444193798879,1.60028935944503,-0.2773120972801022,-0.34513420313139026,-0.2380466675767249,-0.398677970908723,-0.40581713994570057,-0.3808300483162787,0.475870236121044,-0.4495180000703111,-0.4419551315097171,-0.3965779201461525,-0.47976947431268746,-0.4570808686309052,-0.4117036572673407,1.358007585911676,1.3806961915934581,2.484875001440195,-0.3814521830249643,-0.3814521830249643,-0.268009154616053,-0.47976947431268746,-0.4873323428732816,-0.3587635773431821,-0.23019481181308257,-0.3471382744973275,-0.41398937650684287,-0.32485457382748906,-0.3805638255020851,-0.43070215200922174,-0.3471382744973275,1.3854194525826138,0.9118908133485462,2.137494350189662,-0.3025708731576505,-0.3527091996647871,-0.2301488459806755,-0.4195603016743025,-0.41398937650684287,-0.33042549899494866,-0.1410140433013216,0.47,0.12,0.48,0.41,0.1,0.43,6.02,3.07,7.33,0.6,0.31,0.73,0.17,0.17,0.27,0.84
-0.19323291247798938,-0.2001526228621609,-0.16832195509497197,-0.2029205070158295,-0.2153759857073382,-0.17800954963281204,0.6136053183164085,0.4959702417854929,1.0246361151361962,-0.17800954963281204,-0.18908108624748649,-0.136491287327783,-0.24167088516718996,-0.24305482724402425,-0.23198329062934983,0.24409278380165,-0.19282806077564565,-0.24851847544009206,-0.18354632499823792,-0.20396614370853494,-0.2540875169065367,-0.19282806077564565,0.8764279007817254,0.45132440217645114,1.1957196115245514,-0.17240824206534863,-0.21510422664142423,-0.14085034042216232,-0.25965655837298135,-0.25965655837298135,-0.24480578112912896,0.04478437512599235,-0.2398138171392076,-0.26569194823454817,-0.21628824341617067,-0.25628171874533345,-0.28215984984067405,-0.22334591553308175,0.9482276558741565,0.4918315256472403,1.3387521796765693,-0.2092305712992596,-0.25628171874533345,-0.17158965334240056,-0.3009803088191036,-0.3080379809360146,-0.2845124072129777,0.23540277206613802,0.88,0.41,0.97,0.73,0.34,0.83,9.34,6.81,12.67,0.93,0.68,1.27,0.19,0.21,0.24,4.17
-0.2735475131071827,-0.2271343613604709,-0.21785173101112856,-0.28050948586918956,-0.24337896447182006,-0.2317756765351421,0.8032376074165315,0.7545037980824841,1.3462714828530598,-0.20392778548711502,-0.20856910066178622,-0.14823200339106085,-0.2642648827578404,-0.28050948586918956,-0.24105830688448446,-0.0832535909456643,-0.23507954258546046,-0.22398979512196945,-0.21105175641456325,-0.240624416317206,-0.23138296009763012,-0.21659663014630878,0.7962669715192034,0.5911066434446197,1.197346171448795,-0.16484447531668409,-0.18517567899975093,-0.12418206795055037,-0.22583808636588462,-0.240624416317206,-0.19441713521932677,-0.09091282556007735,-0.10963442621478206,-0.1399725586851472,-0.10781413826656015,-0.11994939125470622,-0.14300637193218374,-0.117522340657077,0.5487030483921417,0.17736430695487224,0.6834043565605629,-0.08233010699145343,-0.11934262860529891,-0.06837456605508546,-0.13511845748988877,-0.1369387454381107,-0.12905083099581577,-0.0004171493214675187,0.62,0.44,0.76,0.45,0.34,0.6,11.52,9.75,15.96,1.15,0.97,1.6,0.3,0.29,0.42,5.19
-0.2806888780577206,-0.2724383782740276,-0.2256855461664342,-0.29168954443597783,-0.30269021081423503,-0.2394363791392558,0.6901199298234834,0.8166275931734419,1.3721612452754337,-0.2861892112468492,-0.2751885448685919,-0.22018521297730556,-0.3659440424892143,-0.36044370930008574,-0.34669287632726414,0.5883637658246036,-0.7119021134593989,-0.605116796440489,-0.5339265850945492,-0.7474972191323689,-0.658509454949944,-0.5695216907675191,1.868743047830923,2.242491657397107,3.844271412680755,-0.658509454949944,-0.622914349276974,-0.4627363737486092,-0.8008898776418237,-0.8008898776418237,-0.587319243604004,-0.1957730812013346,-0.42269530885425655,-0.46939122329615374,-0.3682167420053765,-0.46939122329615374,-0.49273918051710236,-0.3915646992263251,1.5852290121473218,1.1571831297632642,2.472451386543368,-0.4071300040402908,-0.453825918482188,-0.32152082756347933,-0.5472177473659824,-0.5550003997729652,-0.47717387570313663,0.16100362166945806,0.52,0.41,0.67,0.43,0.35,0.58,4.21,2.67,5.42,0.42,0.27,0.54,0.11,0.08,0.15,1.76
-0.1892906238407995,-0.14674114643566302,-0.1391040607475616,-0.19474568504658624,-0.1587422810883938,-0.14674114643566302,0.15656025660607917,0.7326147199371579,0.8679002378406688,-0.18819961159964216,-0.13037596281830285,-0.11728381592441468,-0.21329289314626113,-0.20456479521700238,-0.2023827707346877,0.27438957865107255,-0.2816751633929465,-0.22272768567932158,-0.20129223923800343,-0.2977517482239352,-0.25220142453613403,-0.22808654728965114,0.38818253789824614,1.1116288552927343,1.4251222594970123,-0.2843545941981113,-0.2120099624586625,-0.17985679279668523,-0.33258434869107717,-0.31918719466525336,-0.30043117902909994,0.18722522751088835,-0.08121460960588354,-0.06424978004376565,-0.06226453403117738,-0.08301937870823652,-0.07056647190200104,-0.0669569336972951,0.07796602522164821,0.2582624585467097,0.32900940735894596,-0.07507839465788346,-0.05703070363435378,-0.0499921041351772,-0.08771177837435422,-0.08644844000270716,-0.08717034764364835,0.2064655853091795,0.45928571428571435,0.5642857142857143,0.7614285714285713,0.37000000000000005,0.44928571428571423,0.6485714285714285,8.36857142857143,6.142857142857143,11.416428571428572,0.8371428571428572,0.6135714285714287,1.1421428571428571,0.21428571428571425,0.16,0.24000000000000002,4.452857142857143
-0.3897846234083509,-0.4303256026577569,-0.342486814284044,-0.4573529221573608,-0.4573529221573608,-0.3830277935334499,1.6034801896874409,0.860228903448332,2.3264609863018464,-0.356000474033846,-0.4303256026577569,-0.2816753454099351,-0.47762341178206374,-0.5114075611565687,-0.41005511303305386,0.13724810683392627,-0.2852467695921582,-0.3155161393941264,-0.2617039264128497,-0.3155161393941264,-0.33233245595077543,-0.2785202429694987,0.9860667620905048,0.7809077000993871,1.655356161045134,-0.25834066310151993,-0.2785202429694987,-0.191075396874924,-0.34578550919609463,-0.34914877250742443,-0.3020630861488072,0.09143872127677885,-0.12117208022168723,-0.19733738778960494,-0.12001806041005214,-0.13848237739621397,-0.19964542741287516,-0.13502031796130864,0.8055058285213114,0.12809619909149797,0.9301399681779041,-0.11424796135187654,-0.18118111042671328,-0.10155374342389026,-0.1938753283546996,-0.19964542741287516,-0.19041326891979424,0.028850495290877944,0.66,0.25,0.7,0.55,0.21,0.63,13.76,4.81,15.24,1.38,0.48,1.52,0.33,0.18,0.39,3.06
-0.351505819521172,-0.337953787925175,-0.2837456615411871,-0.3740925388478337,-0.3605405072518367,-0.29278034927185176,0.9449718698292073,1.1121135928465036,1.8800620499530003,-0.34247113179050737,-0.32891910019451037,-0.2521242544838607,-0.4373353529624864,-0.432818009097154,-0.3966792581744954,0.2538182584333605,-0.5162293509073571,-0.391209124653305,-0.3662050794024945,-0.5495680779084378,-0.4328825334046557,-0.3995438064035752,1.1507069991466718,1.667457267663421,2.592606941943407,-0.45788657865546617,-0.40787848815384525,-0.31619698890087367,-0.5495680779084378,-0.557902759658708,-0.46622126040573636,0.000520917609391873,-0.3132562145055824,-0.4388441273825357,-0.2904220485279545,-0.32467329749439633,-0.4559697518657566,-0.30183913151676844,1.165256032545822,1.193798740017857,2.1299995451006,-0.3760501709440591,-0.3760501709440591,-0.2790049655391406,-0.4959295423266054,-0.46738683485457055,-0.45026121037134964,0.0806331486084984,0.25,0.21,0.33,0.19,0.19,0.29,10.1,2.63,10.82,1.01,0.26,1.08,0.41,0.11,0.59,0.86
-0.17995561598882973,-0.16080067647181143,-0.14971097464616923,-0.18802085368020582,-0.1809637707002517,-0.16281698589465543,0.40477411663593904,0.5247445272951589,0.8907046875413505,-0.15575990291470132,-0.14366204637763716,-0.1073684767664446,-0.19810240079442598,-0.19709424608300397,-0.1860045442573618,0.19003716310304983,-0.3394163576989033,-0.29657798080618075,-0.2715689842403176,-0.35210034638780996,-0.3160826049221411,-0.28832142213132644,0.936999749325317,0.9762483180985378,1.7260395739918317,-0.27599641425437,-0.27061170207511714,-0.1954650521068777,-0.35569015450731184,-0.3645450145354165,-0.3158432843808409,0.002931676630926553,-0.1784169411042494,-0.18625336909431442,-0.16142508239311834,-0.18679648786590308,-0.1917621452061423,-0.1683304496318885,0.5818717507239395,0.5172794111028589,0.9755940659277502,-0.143851310712428,-0.1514549735146693,-0.1043976113763086,-0.2036719639831223,-0.2061935868512125,-0.19242164657164282,0.00023034055045053888,0.4303125,0.2521875,0.515,0.34375,0.20625,0.443125,8.2328125,5.07,10.613125,0.8271875,0.509375,1.0662500000000001,0.24500000000000002,0.1878125,0.36875,2.144375
-0.2608329827513672,-0.12246996681157384,-0.12060019632590095,-0.26457252372271295,-0.14303744215397554,-0.13929790118262977,0.08881409806946197,1.0648342915907072,1.160192586360024,-0.24400504838031126,-0.14677698312532134,-0.1374281306969569,-0.2608329827513672,-0.2533539008086757,-0.2514841303230028,0.03085121301360258,-0.5188913067222302,-0.3812372398612033,-0.37263386068238913,-0.5360980650798586,-0.4328575149340883,-0.41565075657646,0.6769783991329404,2.070725826100837,2.5955319560085024,-0.4586676524705309,-0.32101358560950405,-0.269393310536619,-0.5016845483646017,-0.47587441082815923,-0.32961696478831826,-0.32961696478831826,-0.40295486556715804,-0.4357821458577615,-0.37012758527655454,-0.4423476019158822,-0.4554785140321236,-0.38982395345091664,1.4025455504160342,1.1333618520330855,2.315143942494811,-0.337300304985951,-0.37012758527655454,-0.25194937623038194,-0.4423476019158822,-0.4489130579740029,-0.32416939286970964,-0.17972935959105424,0.36,0.14,0.39,0.31,0.11,0.35,5.42,3.06,6.77,0.54,0.31,0.68,0.17,0.16,0.31,0.9
-0.5229606056613524,-0.3608022783244989,-0.33647852922397087,-0.5391764383950377,-0.4013418601587123,-0.36891019469134156,0.8716010094355876,1.852658889823551,2.5175080319046503,-0.4824210238271391,-0.38512602742502694,-0.32026269649028555,-0.5553922711287231,-0.5553922711287231,-0.4824210238271391,0.06891728911816279,-0.5021714618240843,-0.3759240909502405,-0.3308357442095819,-0.5202068005203477,-0.43003010703903066,-0.35788875225397704,0.7603022469143546,2.0408112943490564,2.6269598019776175,-0.5472598085647428,-0.42101243769089897,-0.35788875225397704,-0.6284188326979281,-0.601365824653533,-0.5472598085647428,0.19218907798205698,-0.3889290412483167,-0.5220384457397192,-0.3473323523447534,-0.42220639237116725,-0.5553157968625697,-0.3722903656868914,1.4995606349734558,1.3165352037977776,2.5644358709046755,-0.4554837434940179,-0.4721224190554432,-0.3473323523447534,-0.6052318235468457,-0.5802738102047077,-0.5303577835204317,0.21838261674370715,0.54,0.15,0.56,0.38,0.11,0.42,9.62,2.88,10.52,0.96,0.29,1.05,0.28,0.15,0.4,1.34
-0.7299980533385244,-0.5353319057815846,-0.45746544675880857,-0.7689312828499124,-0.5937317500486666,-0.5158652910258906,1.6059957173447537,2.6766595289079227,3.9809227175394195,-0.7494646680942184,-0.6326649795600545,-0.49639867627019657,-0.8662643566283823,-0.8662643566283823,-0.6910648238271364,-0.3601323729803387,-0.7855890461797683,-0.4908577074750828,-0.4735205699042189,-0.8029261837506322,-0.5602062577585382,-0.5255319826168106,1.329541737465622,2.71651274313473,3.7047295846739705,-0.6815662207545852,-0.5428691201876744,-0.4388462947624912,-0.7335776334671767,-0.7682519086089045,-0.577543395329402,-0.36949774447903583,-0.2994751311814165,-0.377350117492454,-0.2811516049905841,-0.3452839466584974,-0.3865118805878702,-0.3132177758245408,1.473326027781615,0.575473244430829,1.871862722432219,-0.25824719725204365,-0.3498648282062055,-0.21701926332267082,-0.377350117492454,-0.4002545252309945,-0.32696042046766505,0.012024814062733738,0.24,0.15,0.28,0.21,0.12,0.25,6.32,3.18,7.55,0.63,0.32,0.76,0.25,0.16,0.47,0.63
-0.2868499016537943,-0.3007788801863002,-0.234616232156897,-0.3007788801863002,-0.3251545926181856,-0.2555096999556559,0.7508589990178984,1.0538142820999024,1.6353491358320258,-0.31470785871880613,-0.2833676570206678,-0.22765174289064405,-0.39828172991384175,-0.3878349960144623,-0.36694152821570347,0.24245128258143148,-0.6399106216962265,-0.6246972933943845,-0.5638439801870168,-0.6703372782999104,-0.6551239499980684,-0.5790573084888587,1.5203819971653292,2.341901725464794,3.4981146764047812,-0.5942706367907007,-0.5029906669796491,-0.3964973688667554,-0.6855506066017524,-0.6551239499980684,-0.3964973688667554,-0.3964973688667554,-0.3474562432520979,-0.565639127554828,-0.33000161250787946,-0.3823655047405347,-0.5918210736711557,-0.36491087399631633,1.6510989769609103,1.1972785776112316,2.672194875497687,-0.43472939697318996,-0.4870932892058452,-0.3387289278799887,-0.6005483890432649,-0.5569118121827188,-0.522002550694282,0.0016363716322703443,0.35,0.13,0.38,0.29,0.11,0.34,3.42,2.94,4.96,0.34,0.29,0.5,0.11,0.16,0.23,0.81
-0.35500089207698393,-0.25252640776610197,-0.23788719572169023,-0.37329990713249855,-0.2708254228216166,-0.25252640776610197,0.706341981142865,1.119899721397496,1.7018084001628613,-0.31840286196595463,-0.2781450288438225,-0.2195881806661756,-0.38061951315470444,-0.3915989221880131,-0.36232049809918976,0.1646911354996317,-0.4786900008294135,-0.526085050416484,-0.4407739611597569,-0.5166060404990699,-0.5450430702513123,-0.4692109909119993,1.3981539628185837,1.7014822801758356,2.7536523810088034,-0.4407739611597569,-0.41233693140751454,-0.30806782231595914,-0.5545220801687264,-0.526085050416484,-0.3649418818204439,-0.27015178264630263,-0.21171037073425591,-0.25413198540862153,-0.1968628055982279,-0.22867901660400217,-0.2668584698109312,-0.2138314514679742,0.8700408034620675,0.5370311282682974,1.302741273140597,-0.19262064413079136,-0.22655793587028383,-0.15019902945642574,-0.2774638734795226,-0.2795849542132409,-0.2562530661423398,0.04494039804565609,0.69,1.17,1.36,0.57,0.93,1.22,9.99,13.48,18.58,1.07,1.45,2.0,0.25,0.27,0.26,14.65
-0.4891949360726106,-0.5359519192097778,-0.4611407461903104,-0.5172491259549109,-0.5640061090920779,-0.4891949360726106,1.5120039421981408,1.5587609253353079,2.746388297019352,-0.41438376305314334,-0.41438376305314334,-0.2928156068965089,-0.5172491259549109,-0.4891949360726106,-0.27411281364164203,-0.3582753832885428,-0.6029418792957388,-0.4405332922800516,-0.397224335742535,-0.6137691184301179,-0.4838422488175682,-0.4188788140112933,1.5949876649832282,1.6166421432519866,2.9483925567806217,-0.5271512053550849,-0.5271512053550849,-0.397224335742535,-0.6570780749676346,-0.6787325532363929,-0.5812874010269805,0.16579209924518065,-0.1656897067881335,-0.22632922411118064,-0.16102512853251452,-0.17812858213645089,-0.2325486617853393,-0.17035428504375252,0.8760661036334451,0.2945486810996087,1.0890818439733798,-0.1423668155100385,-0.20145147341454592,-0.1205987836504831,-0.2278840835297203,-0.23099380236679964,-0.21700006759994261,0.014673985762468146,0.4920918367346939,0.604591836734694,0.8158163265306122,0.39642857142857146,0.48137755102040813,0.6948979591836734,8.966326530612246,6.581632653061225,12.231887755102038,0.8969387755102042,0.6573979591836735,1.223724489795918,0.22959183673469385,0.17142857142857146,0.2571428571428572,4.7709183673469395
-0.40042187828104925,-0.2738803629793571,-0.264506917401454,-0.4097953238589524,-0.3020006997130664,-0.29262725413516333,0.5931633529766822,1.4602070689327211,1.9195059022499745,-0.35355465039153366,-0.264506917401454,-0.2176396895119383,-0.3957351554920977,-0.3957351554920977,-0.34886792760258206,-0.053604391898633606,-0.3660489590482727,-0.3660489590482727,-0.32421479229989864,-0.3869660424224597,-0.38173677157891295,-0.3399026048305389,0.7634735431578261,1.464195836193091,2.0446448998267805,-0.34513187567408565,-0.2719220838644311,-0.21440010458541683,-0.4078831257966467,-0.38173677157891295,-0.2980684380821649,-0.18825375036768305,-0.18925491406372616,-0.26506216754126877,-0.18504339998164046,-0.21452399855624033,-0.2713794386643973,-0.21031248447415468,1.0131323563717411,0.3413958602790721,1.2763519865020976,-0.16609158661225482,-0.233475811925626,-0.13871674507869775,-0.25874489641814025,-0.26295641050022595,-0.23558156896666885,0.00026321963013035065,0.55,0.22,0.59,0.41,0.19,0.49,10.88,4.88,12.77,1.09,0.49,1.28,0.3,0.2,0.42,2.12
-0.2850673527736549,-0.19079311012409977,-0.17956998599915272,-0.3030243513735702,-0.2267071073239303,-0.21323935837399385,0.47810508772274407,0.9180515534206682,1.283925399893942,-0.2626211045237608,-0.21997323284896206,-0.18181461082414213,-0.31200285067352784,-0.3142474754985172,-0.3007797265485808,0.3097582258485384,-0.33293406310889634,-0.24332190406650175,-0.23668396635965774,-0.3428909696691623,-0.2698736548938779,-0.25659777948018986,0.5366357764876729,1.190472640611811,1.6318954981169396,-0.286468499160988,-0.2200891220925476,-0.17694252699806134,-0.3262961254020522,-0.3262961254020522,-0.286468499160988,-0.05414067942144662,-0.3720202937569824,-0.34537604711368913,-0.29208755382710255,-0.3986645404002757,-0.3666914444283238,-0.31340295114173716,0.8696015998204844,1.3705134367143978,2.041948452125389,-0.38800684174295835,-0.33471834845637183,-0.27077215651246794,-0.47859728033015553,-0.46261073234417954,-0.42530878704356895,0.16619348843754184,0.28,0.55,0.62,0.24,0.48,0.57,4.58,4.75,7.15,0.46,0.47,0.72,0.17,0.12,0.2,2.87
-0.3771004731815407,-0.4005092319435374,-0.3361351453480465,-0.4005092319435374,-0.42977018039603326,-0.35954390411004317,1.4897480380876966,0.9045290690377791,2.1451932834236045,-0.31857857627654895,-0.3771004731815407,-0.25420448968105797,-0.43562237008653243,-0.45317893915803,-0.35954390411004317,-0.03767347113258849,-0.39668626594031825,-0.513144619243898,-0.37173090451812263,-0.42996008116991247,-0.5380999806660937,-0.3883678121329197,1.7744301777907034,1.0673616041618266,2.5730017433009644,-0.38004935832552117,-0.4549154425921081,-0.3051832740589342,-0.5297815268586951,-0.5297815268586951,-0.43827853497731106,-0.13881419791096322,-0.34443609246915496,-0.5535986040675857,-0.3171540257389248,-0.38081218144279505,-0.5808806707978158,-0.34443609246915496,2.1018558910081437,0.6468123320625384,2.6384032033693354,-0.39900022592961515,-0.5445045818241756,-0.35353011471256496,-0.5990687152846358,-0.6081627375280458,-0.5354105595807656,0.17392317540521676,0.27,0.11,0.29,0.24,0.09,0.27,3.34,1.7,4.03,0.33,0.17,0.4,0.12,0.1,0.24,0.47
-0.145927648825421,-0.15167444793528284,-0.12211948108456466,-0.16070513225078006,-0.15906318964796237,-0.13361307930428842,0.2637370305775892,0.4509184872988043,0.6848953082003231,-0.16563096005923308,-0.14674862012682982,-0.12376142368738234,-0.20257466862263082,-0.19846981211558662,-0.19846981211558662,0.5092074496988319,-0.3460419746190474,-0.26611626919522546,-0.2297864030934882,-0.36420690766991604,-0.29154717546644154,-0.2515843227545306,0.6203324636871635,1.0126950175859257,1.539478076061116,-0.3605739210597423,-0.3206110683478314,-0.26974925580539916,-0.4332336532632168,-0.4332336532632168,-0.41506872021234825,0.8092477674161973,-0.3559028287126954,-0.3467989993611317,-0.3012798526033129,-0.36955857274004106,-0.3650066580642592,-0.31038368195487664,1.0597426354554682,1.032431147400777,1.9018468504751151,-0.3194875113064404,-0.32403942598222224,-0.2375530471423666,-0.4196296341736417,-0.4196296341736417,-0.36955857274004106,0.14480778562331104,0.71,0.27,0.76,0.56,0.2,0.62,5.99,3.69,7.72,0.6,0.37,0.77,0.14,0.14,0.2,3.32
-0.5106463247855448,-0.3626611172213831,-0.3237176415466037,-0.5184350199205006,-0.4016045928961624,-0.3548724220864272,1.0003605313958956,1.6312448373273218,2.488001302172468,-0.48728023938067716,-0.4249706783010301,-0.33929503181651544,-0.5807445810001477,-0.5807445810001477,-0.5184350199205006,0.2838005789799547,-0.5722307049774913,-0.4105407927542707,-0.3903295537263682,-0.5823363244914426,-0.46106889032402715,-0.42064641226822197,1.1558302319081781,1.9541741735103288,2.853574310251993,-0.5014913683798322,-0.42064641226822197,-0.3296958366426605,-0.5823363244914426,-0.5823363244914426,-0.47117450983797843,-0.23874526101709892,-0.3217823946556141,-0.43673168722354205,-0.30363250635541494,-0.3580821712560124,-0.45488157552374126,-0.3217823946556141,1.6989051694332251,0.5736120948208775,2.1708022652384025,-0.30363250635541494,-0.41858179892334296,-0.25523280422155054,-0.45488157552374126,-0.4730314638239404,-0.4004319106231438,0.05936525964856807,0.6,0.13,0.61,0.45,0.1,0.47,7.28,3.3,8.71,0.73,0.33,0.87,0.19,0.18,0.29,1.36
-0.4006356795654098,-0.33375588714999627,-0.2925990918174341,-0.4160694778151206,-0.37491268248255843,-0.3234666883168557,0.9112371716600093,1.2302023354873663,1.9916030491397667,-0.385201881315699,-0.3543342848162773,-0.2771652935677233,-0.4726600713973936,-0.4726600713973936,-0.43150327606483146,0.40192182941955257,-0.5934720103898102,-0.26514536587934207,-0.2565051910238034,-0.6193925349564262,-0.291065890445958,-0.2737855407348807,0.6507131688077533,1.9726599217051648,2.5947525113039465,-0.5589113109676557,-0.42066851327903754,-0.36018728929026705,-0.6021121852453489,-0.6193925349564262,-0.576191660678733,0.21870442603082155,-0.17717466378479838,-0.23817442848297168,-0.15853584679368987,-0.1992023565924721,-0.2551188075657976,-0.17039691215166805,0.6734331661730624,0.30065682635089236,0.9699598001225159,-0.21275785985873283,-0.2500354938409498,-0.18225797750964615,-0.28900756573144937,-0.2923964415480146,-0.28561868991488426,0.7666272511286051,0.22,0.53,0.57,0.19,0.48,0.54,2.79,2.12,3.87,0.28,0.21,0.39,0.11,0.05,0.11,2.19
-0.9618133207781943,-0.42373593852465896,-0.3968320694119822,-0.9887171898908711,-0.5582552840880428,-0.531351414975366,0.9483613862218561,3.7732676430529164,4.553479847320542,-0.9080055825528407,-0.6389668914260731,-0.5582552840880428,-0.9618133207781943,-0.9349094516655174,-0.6927746296514266,-0.7196784987641033,-0.7278669777002936,-0.2642798073435324,-0.25023171127211535,-0.7419150737717107,-0.3345202877006174,-0.3064240955577834,0.6769426294414074,2.699868463725456,3.2617923065821364,-0.7138188816288766,-0.5171455366290385,-0.46095315234337053,-0.7700112659145447,-0.7700112659145447,-0.6997707855574596,-0.08165455841511118,-0.32897553360961546,-0.36376803574774286,-0.29418303147148805,-0.35382732085113505,-0.37370875064435066,-0.30909410381639985,1.524967794607745,0.5607184496367854,1.9772703224034012,-0.26933124422996846,-0.36376803574774286,-0.22459802719523325,-0.39359018043756633,-0.4283826825756938,-0.3488569634028311,-0.010872656918164858,0.33,0.11,0.35,0.28,0.08,0.3,3.6,1.78,4.29,0.36,0.18,0.43,0.12,0.11,0.23,0.46
-0.16239746968086086,-0.1597324855630211,-0.14285425281670258,-0.16595078183798057,-0.16861576595582034,-0.14640756497382224,0.3004214387839789,0.5722498188036351,0.8120983894092142,-0.1544025173273416,-0.12686434810966396,-0.10376781908838598,-0.19171229497709832,-0.18371734262357903,-0.18016403046645935,0.20181702642390745,-0.31002124037928547,-0.34534011586553326,-0.28647532338845366,-0.3257185183731734,-0.3610373938594211,-0.2982482818838696,0.9143664431439686,1.0517176255904874,1.7777167328078014,-0.28647532338845366,-0.27077804539456585,-0.20014029442207038,-0.372810352354837,-0.35318875486247714,-0.30609692088081353,-0.0274702364893038,-0.24677125067290426,-0.21818770812391924,-0.2010375825945282,-0.26201580669902963,-0.23533783365331024,-0.2067542911043252,0.715541348476259,0.6145461648031786,1.2090838498220677,-0.20484872160105952,-0.21628213862065357,-0.1553039145161521,-0.26963808471209233,-0.2810715017316864,-0.26201580669902963,0.2200932776271849,0.46,0.15,0.48,0.39,0.13,0.43,9.89,3.78,11.3,0.99,0.38,1.13,0.28,0.19,0.42,1.32
-0.34312007786134024,-0.29219338642779075,-0.2602745446138055,-0.35806335586414234,-0.31861310193674486,-0.281075587593706,0.8426589182170117,1.004883144215431,1.7184545554052366,-0.30402846260600996,-0.28777017613896133,-0.21592289550148885,-0.38316806290884986,-0.38687399585354476,-0.3461087334619007,0.2112157629306062,-0.06427341191150102,-0.0608388917631151,-0.059385825546490294,-0.06625486584326214,-0.062159861050955834,-0.06097098869189917,0.19397608386136372,0.1844651049889104,0.3161657429866322,-0.04327000023483325,-0.044194678736321776,-0.030984985857914368,-0.0603105040479788,-0.06361292726758065,-0.06004631019041066,-0.018303680694643262,-0.015328164029730687,-0.014573414774481139,-0.014204616842938746,-0.015456814470966404,-0.014753525392211144,-0.014419034244998276,0.03202377504109603,0.0638175874184832,0.07861238816059081,-0.011743105067295336,-0.008561150820731904,-0.007085959094562335,-0.015868495882920705,-0.01563692508869641,-0.016014299716321182,-0.010808245194315783,0.59,0.9,1.08,0.47,0.71,0.96,17.98,24.36,32.78,1.8,2.44,3.28,0.46,0.51,0.54,9.84
-0.3362800358622743,-0.241162524245367,-0.22213902192198556,-0.3584741219062193,-0.2823801126126935,-0.2665271940098756,0.7353772616882143,0.9161005337603381,1.537534942990799,-0.30457419865663854,-0.2855506963332571,-0.22213902192198556,-0.37115645678847364,-0.3838387916707279,-0.35530353818565574,0.4405129756758017,-0.40508366587304245,-0.32460346735521955,-0.29777673451594516,-0.4372757452801717,-0.36216089333020357,-0.34069950705878416,1.016733174608497,1.2313470373226918,2.1058985278830353,-0.35143020019449384,-0.3299688139230744,-0.23875792226954165,-0.426545052144462,-0.4426410918480266,-0.36752623989805844,-0.02950940612320185,-0.11183435697806764,-0.11599133875525963,-0.10398228028781611,-0.1146056781628623,-0.11968643366831916,-0.10675360147261077,0.3842321351001756,0.2900072148171573,0.6045521692913507,-0.08550680572251843,-0.09474454300516726,-0.06333623624416118,-0.12476718917377602,-0.12569096290204093,-0.12014832053245161,0.008256227696367408,0.31,0.23,0.39,0.28,0.19,0.36,5.91,6.36,9.67,0.59,0.64,0.97,0.2,0.26,0.42,1.27
-0.34865351173961295,-0.30676749258181646,-0.2991518527349444,-0.35626915158648503,-0.3219987722755606,-0.3105753125052525,1.0907024193192123,0.8660410438364857,1.7494552660736484,-0.2382267339599676,-0.26107365350058387,-0.1734937952615548,-0.2953440328115083,-0.33342223204586874,-0.2191876343427874,-0.24203455388340367,-0.3793252328378462,-0.42866835255659036,-0.3608215629433171,-0.39166101276753224,-0.4348362425214334,-0.3669894529081601,1.5943995559119226,0.8172454203417012,2.2235243323259115,-0.29297477333004374,-0.3731573428730031,-0.2312958736816135,-0.4163325726269043,-0.42866835255659036,-0.30531055325972983,-0.22512798371677045,-0.25417451562082877,-0.48879714542467073,-0.24815855075406357,-0.27823837508788946,-0.5008290751582011,-0.27222241022112426,1.5806947687425505,0.7685395117292514,2.176275290552303,-0.3383980237555413,-0.41660556702348855,-0.27823837508788946,-0.4948131102914359,-0.46473328595761,-0.4527013562240796,-0.03759978041728236,0.23,0.36,0.43,0.19,0.31,0.39,5.0,3.12,6.47,0.5,0.31,0.65,0.2,0.1,0.26,1.16
-0.5104086232850537,-0.49044153777756994,-0.41057319574763484,-0.5503427943000212,-0.5203921660387956,-0.4405238240088605,1.8257403810905468,1.2466949013735176,2.8340781992184767,-0.46049090951634425,-0.5104086232850537,-0.36065548197892544,-0.6002605080687307,-0.6302111363299563,-0.5004250805313118,0.07862039918571742,-0.4315982241350265,-0.3203077876135048,-0.29804970030920047,-0.44829178961325483,-0.3481303967438853,-0.3147432657874287,1.1042097998619735,1.1598550181227345,2.1169527722078216,-0.3759530058742657,-0.37038848404818964,-0.27579161300489613,-0.4705498769175592,-0.49280796422186357,-0.44272726778717875,0.20832178586372355,-0.3462377399926848,-0.2552001844985644,-0.23496961661098212,-0.3630965465656701,-0.2855460363299379,-0.2484566618693703,0.7563282098805514,0.9384033208687921,1.6093838224736057,-0.3125201268467143,-0.292289558959132,-0.22485433266719093,-0.38332711445325235,-0.39344239839704354,-0.36984006919486423,0.4056650331624579,0.44,0.26,0.51,0.38,0.21,0.45,7.54,3.32,8.9,0.75,0.33,0.89,0.22,0.13,0.31,1.39
-0.3984629503638093,-0.28090225011462866,-0.2628159885378316,-0.41202764654640706,-0.3351610348450197,-0.30351007708562494,0.8087950098873918,1.2112143299711255,1.8894491391010138,-0.35324729642181674,-0.3170747732682227,-0.2447297269610346,-0.4255923427290048,-0.43011390812320405,-0.3894198195754108,0.243599335612485,-0.14318225553766742,-0.13780924800063388,-0.1237051032159208,-0.15191339278534693,-0.145197133364055,-0.12974973669508355,0.3988198797605916,0.3813576052652325,0.7091110650242789,-0.12303347727379163,-0.12437672915805002,-0.09146705799371953,-0.1653459116279308,-0.16736078945431837,-0.16198778191728483,0.17584006697369936,-0.21742526555427058,-0.2611445290050395,-0.20285217773734757,-0.2319983533711935,-0.2715538774456988,-0.21742526555427058,0.8526557541455027,0.5382934312375927,1.275275300836269,-0.196606568672952,-0.22783461399492985,-0.15496917491031492,-0.27988135619822624,-0.27988135619822624,-0.25906265931690764,0.13441071174001284,0.81,0.52,0.96,0.69,0.4,0.87,9.06,5.28,11.47,0.91,0.53,1.15,0.19,0.15,0.21,7.95
-0.3179911645333914,-0.21911551093056006,-0.21346547358182685,-0.3264662205564912,-0.2530157350229594,-0.24171566032549296,0.667940352820555,0.964567313629049,1.512620936456171,-0.2586657723716926,-0.2275905669536599,-0.17391521214069433,-0.30669108983592497,-0.32364120188212453,-0.2897409777897253,0.006885983018768618,-0.41210440494680195,-0.2782479365731038,-0.2633749956426929,-0.4269773458772128,-0.30303617145712197,-0.2782479365731038,0.8025191043700882,1.3379449778648806,1.9873967318261565,-0.3724432291323728,-0.3179091123875329,-0.2534597016890856,-0.44185028680762367,-0.45176558076123097,-0.41210440494680195,0.0836602927335614,-0.1546477956473952,-0.15380817408975753,-0.14037422916755418,-0.15968552499322144,-0.1630440112237723,-0.14541195851338043,0.596813498438353,0.29203087301586517,0.7991622938290406,-0.109308231534959,-0.13953460760991648,-0.08915731415165404,-0.1630440112237723,-0.17144022680014936,-0.15548741720503292,0.056936836877307086,0.18,0.13,0.22,0.15,0.11,0.2,4.91,2.66,6.03,0.49,0.27,0.6,0.22,0.14,0.48,0.37
-3.9659518811902066,-1.8057738352653283,-1.265729323784109,-4.235974136930817,-2.3458183467465483,-1.535751579524719,5.484827069731135,8.725094138618452,15.205628276393087,-2.8858628582277674,-1.8057738352653283,0.0843819549189395,-4.235974136930817,-4.235974136930817,-0.7256848123028897,-0.4556625565622797,-3.291775835692557,-1.040988939492518,-0.8909364797458486,-3.4418282954392265,-1.6411987784791948,-1.4911463187325258,1.50990287620086,8.562368484294314,10.663102920747686,-2.3914610772125413,-0.2907266407591714,0.3094831982275054,-2.841618456452549,-2.5415135369592106,-0.2907266407591714,-0.8909364797458486,-0.45692125307773923,-1.37844310802444,-0.42620385791284915,-0.6105082289021893,-1.40916050318933,-0.5797908337372992,4.242840207150434,0.09599185989028132,4.642166344294004,0.18814404538495114,-1.0712691563755394,0.3110136260445113,-1.0098343660457596,-1.1634213418702097,-0.6412256240670794,-0.7333778095617494,0.12,0.03,0.12,0.1,0.02,0.1,0.57,0.38,0.73,0.17,0.12,0.22,0.1,0.13,0.33,0.06
-0.7340490607186235,-0.37943598790769434,-0.35106694208281997,-0.7482335836310607,-0.46454312538231735,-0.4219895566450058,1.0815698720733338,2.5000221633170505,3.3085399693259694,-0.6773109690688748,-0.5354657399445032,-0.46454312538231735,-0.7624181065434978,-0.7624181065434978,-0.6631264461564376,0.07446874529029511,-0.5838368128252677,-0.4019860022731351,-0.4019860022731351,-0.5934079081174851,-0.4498414787342226,-0.4402703834420051,1.081533768020578,1.9142190584435008,2.794759825327511,-0.4594125740264401,-0.3732727163964826,-0.28713285876652506,-0.4785547646108751,-0.5264102410719627,-0.36370162110426507,-0.43069928814978764,-0.3036933119996996,-0.31871369219133855,-0.27365255161642177,-0.31871369219133855,-0.3337340723829775,-0.2811627417122412,1.2396507526912002,0.6576110202651917,1.7127927287278266,-0.24361179123314394,-0.3036933119996996,-0.1985506506582271,-0.3487544525746164,-0.36752992781416505,-0.31120350209551906,-0.007040803214830764,1.28,0.89,1.56,0.89,0.5,1.07,42.02,24.36,51.07,4.2,2.44,5.11,0.79,0.61,0.76,16.53
-0.08491302721496673,-0.09548859884526875,-0.08279791288890632,-0.08738066059537054,-0.09760371317132917,-0.08526554626931014,0.4558512021478104,0.07054787575047311,0.5133118080057848,-0.04930860272628323,-0.08773317964971394,-0.043668297856788815,-0.09161088924749135,-0.09866127033435937,-0.08808569870405733,-0.047193488400222826,-0.14806036328543049,-0.15697295099260464,-0.14003903434897377,-0.15340791590973496,-0.1605379860754743,-0.14360406943184342,0.6665501531502863,0.2244858028744487,0.8278679906501383,-0.09725861335453787,-0.14093029311969119,-0.08121595548162441,-0.1551904334511698,-0.16766805624121361,-0.14449532820256084,-0.029522946780014377,-0.2911249169793555,-0.27246804646532474,-0.24137326227527342,-0.31289126591239147,-0.2817964817223401,-0.2507016975322888,1.1858773320480822,0.41783616255381456,1.5465768286526778,-0.22582587018024775,-0.30045335223637093,-0.18851212915218618,-0.32221970116940685,-0.3564239637784633,-0.3097817874933863,0.20328215164246047,0.49,0.26,0.56,0.42,0.22,0.49,9.56,11.16,15.39,0.96,1.12,1.54,0.26,0.42,0.5,1.52
-1.084566280236555,-0.7429706014218921,-0.7429706014218921,-1.1187258481180213,-0.8454493050662909,-0.8454493050662909,1.101646064177288,4.278485877153654,5.098315506308845,-0.9479280087106898,-0.6404918977774932,-0.5721727620145606,-0.9137684408292235,-0.8796088729477574,-0.19641751531843138,-0.9479280087106898,-0.9395075362814789,-0.5661932834544011,-0.5661932834544011,-0.9643951531366173,-0.6906313677300937,-0.6657437508749551,1.2008275132604334,3.465600647078038,4.43621770442844,-0.8150694520057863,-0.5910809003095396,-0.49153043288898557,-0.8150694520057863,-0.8150694520057863,-0.46664281603384705,-0.7155189845852322,-0.2234130049291302,-0.297207556515961,-0.21160587667523725,-0.2558826076273357,-0.3031111206429074,-0.23226835111954988,1.222960206172753,0.3728469718924624,1.5004277201392364,-0.19979874842134432,-0.285400428262068,-0.17323270985008526,-0.3119664668333271,-0.32967715921416646,-0.2913039923890145,0.01863312427567473,0.65,0.17,0.68,0.57,0.14,0.6,7.0,2.28,7.71,0.7,0.23,0.77,0.16,0.11,0.2,1.81
-0.5284184055133777,-0.44353191466785513,-0.4265546164987506,-0.53690705459793,-0.4689978619215119,-0.44353191466785513,1.390016287595431,1.517346023863715,2.6293590539400595,-0.4010886692450939,-0.3841113710759894,-0.27375893297681014,-0.4605092128369596,-0.5029524582597209,-0.3162021783995714,-0.3501567747377804,-0.31232000579376235,-0.18196035120158327,-0.17954628352395033,-0.31714814114902823,-0.19885882494501392,-0.19644475726738095,0.6991743511344419,0.8198777350160893,1.3992539776479966,-0.23748390778714104,-0.2254135693989763,-0.1674759451357856,-0.283351193662167,-0.3147340734713953,-0.2954215320503318,-0.00814747841201118,-0.2587139134726644,-0.2466596833749282,-0.21290783910126662,-0.2707681435704007,-0.2587139134726644,-0.2249620691990029,1.0214453229069265,0.39703620384418814,1.332444459428522,-0.20808614706217216,-0.2707681435704007,-0.17674514880805786,-0.302109141824515,-0.32380675600044023,-0.292465757746326,0.2957806710232036,0.61,0.34,0.7,0.53,0.27,0.61,8.76,4.71,10.74,0.88,0.47,1.07,0.21,0.16,0.28,3.3
-0.2610097928725082,-0.2766997992067353,-0.23224478125975836,-0.2766997992067353,-0.2923898055409625,-0.24008978442687195,0.9654257022529154,0.601940555509986,1.4099758817226853,-0.22439977809264477,-0.2610097928725082,-0.1799447601456678,-0.3159248150423033,-0.3237698182094168,-0.29500480659666706,0.20184539398719334,-0.44605085687785634,-0.2761267209243872,-0.2534701694639247,-0.48003568406855013,-0.31011154811508107,-0.28745499665461854,0.5961505103034206,1.559053947373079,2.0518339416381393,-0.44605085687785634,-0.3497605131708905,-0.2987832723848498,-0.5026922355290127,-0.5026922355290127,-0.47437154620343447,0.42056223648483587,-0.1197649391827886,-0.16115395946876937,-0.11177758439075723,-0.12775229397482,-0.16696294477206494,-0.11540820020531696,0.44443275839979135,0.18012392709984398,0.6128933321953622,-0.13356127927811554,-0.15970171314294548,-0.11613432336822889,-0.18584214700777543,-0.18729439333359932,-0.18584214700777543,0.5337459074379604,0.5272412536443148,0.6477769679300293,0.8740889212827988,0.4247448979591838,0.5157616618075801,0.7445335276967929,9.606778425655977,7.051749271137026,13.105594023323615,0.9610058309037901,0.7043549562682215,1.3111333819241981,0.24599125364431482,0.18367346938775514,0.2755102040816327,5.111698250728864
-0.1998149206929275,-0.17152254254171653,-0.1597340516453786,-0.20570916614109647,-0.18331103343805444,-0.16680714618318138,0.41554430409591125,0.6300948384092613,0.9318802053555116,-0.17388024072098412,-0.15266095710757588,-0.12318972986673112,-0.21867650612706818,-0.2174976570374344,-0.20924571340999784,0.20453031705146277,-0.23892048867921803,-0.20825207295446707,-0.18660377950170165,-0.2569607332231892,-0.2208802441352469,-0.2010359751368786,0.5313979533483506,0.7081923498792678,1.1628065123873412,-0.22448829304404114,-0.20644804850006995,-0.16134743714014205,-0.28041305113035175,-0.28221707558474884,-0.2677848799495719,0.3329552633646677,-0.1616889497166361,-0.18408280260401855,-0.1467597144583812,-0.1702199412927818,-0.19261379418016422,-0.15102521024645404,0.614631283712621,0.26379425514362975,0.8577645436327729,-0.14889246235241763,-0.18408280260401855,-0.125432235518017,-0.21500764706754663,-0.22033951680263772,-0.21180852522649202,0.3757635195805418,0.32748046875000003,0.26261718749999996,0.42714843750000003,0.26736328125,0.22306640625000002,0.373359375,5.9136328124999995,4.7429296875,8.34046875,0.5916796875,0.474609375,0.8337304687499999,0.17244140625,0.16611328124999997,0.2752734375,2.0977734375
-0.2355540501349343,-0.18950588995818024,-0.17179505912096713,-0.2497227148047048,-0.21252997004655727,-0.19304805612562287,0.38786719533496716,0.8129271354280819,1.1653726690886226,-0.2302408008837704,-0.1877348068744589,-0.1523131452000327,-0.2762889610605245,-0.27097571180936053,-0.2603492133070327,0.26389137947447544,-0.39941492372509874,-0.36263158601062045,-0.3104229776416837,-0.4202644653789273,-0.3882273647888979,-0.33093350235805175,1.0141161970169923,1.2360027825849738,2.0796464314557483,-0.37212406025951805,-0.3497489423871166,-0.26550323342815035,-0.46586224346738186,-0.4634891249051575,-0.4089073979739963,0.2077644112668872,-0.15197973272383325,-0.17761950205725094,-0.14685177885714973,-0.16018445891052693,-0.18274745592393446,-0.15095414195049656,0.6869535198655929,0.26133334893085963,0.8951484468529446,-0.11403287411037509,-0.1571076865905168,-0.09352105864364096,-0.17864509283058763,-0.1847986374706079,-0.16838918509722056,0.023396289516743617,0.4559375,0.3440625,0.6125,0.37906249999999997,0.2915625,0.5446875,6.18625,3.9434375,8.1309375,0.620625,0.398125,0.8171875,0.17250000000000001,0.1325,0.24031249999999998,2.8968749999999996
-0.2426051720946119,-0.19867485573524354,-0.18813157980899511,-0.24963402271211085,-0.2162469822789909,-0.19867485573524354,0.4971813553971516,0.7730637421339851,1.1754654399857993,-0.20746091900711722,-0.18110272919149617,-0.1406868381408773,-0.2566628733296098,-0.2566628733296098,-0.24084795944023718,0.13168112328720666,-0.22935412655516213,-0.20886360560404102,-0.17160811296563908,-0.2405307743466827,-0.22190302802748177,-0.18092198612523955,0.5436973456916788,0.4635980365191144,1.0187048768313038,-0.2442563236105229,-0.2517074221382033,-0.19582418318060035,-0.3094534357277263,-0.31317898499156654,-0.30572788646388616,0.8473296106946548,-0.141176036125947,-0.1453346428973772,-0.1259278112973697,-0.1453346428973772,-0.15087945192595076,-0.12800711468308482,0.47360466491714603,0.26498122521706596,0.70024873396009,-0.12038300226879618,-0.141176036125947,-0.09751066502593025,-0.17097938465452986,-0.17513799142596004,-0.16959318239738647,0.27260533763135464,0.62,0.26,0.68,0.53,0.21,0.61,10.98,4.64,12.62,1.1,0.46,1.26,0.27,0.18,0.33,2.59
-0.5316269853681153,-0.44684926012668824,-0.4091702711304984,-0.5598862271152576,-0.4656887546247831,-0.42800976562859333,1.7385321016523194,1.305223728196137,2.765284551798491,-0.4185900183795459,-0.4562690073757357,-0.314972798640024,-0.5222072381190678,-0.5787257216133526,-0.42800976562859333,-0.24903456789669184,-0.5055501675690866,-0.5263440047955785,-0.4431686558896106,-0.5367409234088245,-0.5575347606353165,-0.4743594117293486,1.760978090118541,1.4490705317211612,2.904639137575601,-0.4431686558896106,-0.4743594117293486,-0.3288025511439046,-0.5783285978618086,-0.5887255164750546,-0.42237481866311855,-0.2352302836246906,-0.36518563603164933,-0.37059579360248857,-0.2894434300398998,-0.40305673902752404,-0.3976465814566848,-0.31108406032325686,1.176709271657537,0.9765334415364847,1.999053222425103,-0.3922364238858455,-0.41387705416920256,-0.31108406032325686,-0.5112598904443091,-0.5166700480151484,-0.47879894501927356,0.6086427267194155,0.3,0.2,0.36,0.24,0.17,0.32,5.23,3.36,6.83,0.52,0.34,0.68,0.19,0.14,0.34,1.12
-0.14341051367529398,-0.16414456384521603,-0.12785997604785249,-0.15377753876025502,-0.17191983265893676,-0.1364991636186533,0.5373574669038123,0.29200453989306835,0.7680237750441947,-0.13995483864697364,-0.16414456384521603,-0.1166290322058114,-0.19956523288549943,-0.2021569891567397,-0.19783739537133926,0.32051385887671113,-0.22451720181069676,-0.18773622677003657,-0.17394336112978895,-0.23217990494416763,-0.19539892990350743,-0.18007352363656565,0.393096670747056,0.7578413399002698,1.07354470899927,-0.20765925491706083,-0.1724108205030948,-0.14022746734251712,-0.2536354737178861,-0.24903785183780358,-0.23984260807763852,0.23217990494416754,-0.24662872201450003,-0.31225371818321734,-0.22950915779657377,-0.25518850412346317,-0.32366676099516817,-0.23521567920254918,0.9631538160522888,0.6692679636445548,1.482447263996052,-0.24662872201450003,-0.2751613290443771,-0.19527002936072124,-0.3436395859160822,-0.33793306451010674,-0.32366676099516817,0.20989299046353344,0.77,0.52,0.93,0.58,0.44,0.79,13.37,6.85,16.31,1.34,0.68,1.63,0.31,0.18,0.33,7.61
-0.3538425802945074,-0.3013244297536594,-0.2684081241329871,-0.3692528357348971,-0.32856976137226834,-0.28985919970600954,0.8689920094112936,1.0362857424721639,1.7721562602616512,-0.31352935206244803,-0.29676299414330404,-0.22267048598591052,-0.39514206487475173,-0.3989638082239683,-0.35692463138258534,0.21781625552218772,-0.3500231188769942,-0.3058460427063741,-0.2800555149978277,-0.3631034822124292,-0.3259601863259581,-0.2973314665729306,0.9662809914917339,1.0067560780391176,1.7799783106790774,-0.2846213021998192,-0.2790683177649647,-0.20157333498521776,-0.36680547183566553,-0.3759370462396484,-0.3257133870177424,0.003023291525642964,-0.18399247051375717,-0.19207378687851173,-0.16646961621790327,-0.19263387811171254,-0.1977547122438342,-0.173590776182885,0.6000552429340626,0.5334443926998234,1.0060813804879927,-0.14834666417219133,-0.15618794143700265,-0.10766003673181822,-0.21003671285759487,-0.2126371364403129,-0.19843482302700663,0.00023753869265214067,0.36,0.15,0.39,0.3,0.12,0.34,13.75,4.36,15.18,1.38,0.44,1.52,0.44,0.22,0.72,0.93
-0.24299454712032723,-0.25204673048220205,-0.21810104287517149,-0.24978368464173337,-0.26562500552501433,-0.2248901803965776,0.9111588315187127,0.5671758637674694,1.3366114495268293,-0.19320753863001572,-0.22715322623704629,-0.15020966766111032,-0.27467718888688913,-0.2814663264082953,-0.24978368464173337,0.014992678693105208,-0.2786475786283167,-0.27049700960079737,-0.24061158983322659,-0.28951500399834246,-0.28679814765583606,-0.25147901520325233,0.8977512176769711,0.742890406154104,1.4492730552057782,-0.23517787714821373,-0.24876215886074593,-0.17812389395557848,-0.31668356742340686,-0.3221172801084197,-0.28951500399834246,0.11801344737762329,-0.28570949264570195,-0.3016153795014126,-0.25707889630542285,-0.30479655687255475,-0.3143400889859811,-0.26662242841884926,1.0694720674608424,0.7004554924083563,1.5752792694724402,-0.234810654707428,-0.27298478316113345,-0.18391181676915402,-0.3270647984705496,-0.3397895079551181,-0.2920718473879862,0.03558942183965249,0.32,0.32,0.45,0.25,0.27,0.38,8.14,5.83,10.56,0.81,0.58,1.06,0.29,0.2,0.44,0.85
-0.18459770405534331,-0.198309696928535,-0.17774170761874744,-0.18871130191730082,-0.20105209550317335,-0.18048410619338578,0.8054081813890978,0.3186324343907922,1.034398462371399,-0.11878013826402313,-0.16814331260751325,-0.09546975037959722,-0.18459770405534331,-0.19693849764121585,-0.15443131973432156,-0.10918174325278894,-0.22885815837775397,-0.2882515309327705,-0.22111119674014312,-0.24176976110710538,-0.29341617202451103,-0.23144047892362427,1.070049076194999,0.46836838900722283,1.431573952616839,-0.18237638855208885,-0.24176976110710538,-0.14622390090990486,-0.2779222487492894,-0.2779222487492894,-0.24176976110710538,-0.09715981053836947,-0.1462169917177646,-0.15599194381031709,-0.13236914291998186,-0.15599194381031709,-0.1625085785386854,-0.13970035698939623,0.5689836697206603,0.24722483000747375,0.7815888777336774,-0.1177067147811531,-0.1502898884229948,-0.096527651913956,-0.17472726865437607,-0.18205848272379044,-0.17146895129019188,0.1877605381111127,0.42,0.25,0.49,0.34,0.21,0.45,9.89,5.87,12.54,0.99,0.59,1.25,0.3,0.22,0.44,1.96
-0.307050129293937,-0.300329469829227,-0.26672617250567715,-0.3272121076880669,-0.31377078875864695,-0.28016749143509706,0.9329115419450533,0.8791462662273735,1.6385807857396004,-0.26336584277332215,-0.26672617250567715,-0.18943858866151242,-0.3440137563498419,-0.3473740860821968,-0.300329469829227,0.05586548180040166,-0.6491557030146969,-0.36369188435284294,-0.3307537514303213,-0.6711144582963781,-0.4295681501978862,-0.38565063963452406,1.3710497828999622,1.7772867556110623,2.952080163181,-0.5832794371696537,-0.5393619266062916,-0.4295681501978862,-0.6930732135780592,-0.7260113465005809,-0.6491557030146969,0.34996766230179216,-0.28686556312445216,-0.34063785278125325,-0.27150205179393755,-0.3060699522875954,-0.3444787306138819,-0.28686556312445216,1.3493483935753519,0.5274005373928213,1.7257544211729596,-0.22157063996976517,-0.3060699522875954,-0.1870027394761073,-0.3367969749486246,-0.3521604862791392,-0.2830246852918235,-0.07945816016250518,0.5000313091278077,0.3773368549346924,0.6717350006103515,0.41572171211242676,0.31975956916809084,0.5973643398284912,6.78452350616455,4.324808149337769,8.917282133102416,0.6806457710266114,0.4366277503967285,0.8962178707122802,0.18918251037597655,0.14531410217285157,0.2635531711578369,3.1770323753356937
-0.18204200638459636,-0.19185311241290304,-0.1636461825815214,-0.19798505368059469,-0.20043783018767136,-0.17468367686336636,0.5856770403304004,0.4838868152867187,0.9683101754343605,-0.15996701782090636,-0.1710045121027514,-0.12194898196121803,-0.2188336539907464,-0.22128643049782304,-0.20902254796243971,0.17483697539505869,-0.33994898645820415,-0.4484613811381296,-0.31282088778822276,-0.3602950604606901,-0.4620254304731203,-0.33316696179070876,1.7760427098003437,0.6909187630010885,2.3118226585324755,-0.31960291245571804,-0.42811530713564355,-0.2653467151157553,-0.475589479808111,-0.48915352914310173,-0.40776923313315755,-0.13648824643334376,-0.35394796363069425,-0.5014689672857449,-0.32936112968818587,-0.41131724282988064,-0.5260558012282532,-0.3867304088873722,1.867062702509234,0.8671981221805576,2.5554940528994696,-0.37853479757320274,-0.4768821333432365,-0.30477429574567744,-0.5342514125424228,-0.5506426351707617,-0.45229529940072805,-0.08349279026310157,0.44,0.15,0.47,0.31,0.12,0.35,11.39,4.65,13.06,1.14,0.46,1.31,0.36,0.24,0.6,1.05
-0.6095987218091318,-0.4930685001968725,-0.4697624558744206,-0.6212517439703578,-0.5163745445193244,-0.4930685001968725,1.021824380762499,2.245391707691222,3.0611032589770377,-0.5163745445193244,-0.399844322907065,-0.31827316777848347,-0.5629866331642281,-0.5629866331642281,-0.3415792121009354,-0.42315036722951693,-0.4835148050073804,-0.4413784385579355,-0.38238752552871264,-0.5003693515871583,-0.4919420782972693,-0.4160966186882686,1.2777853125794167,1.5137489646963085,2.6177217656717655,-0.46666025842760245,-0.4413784385579355,-0.3318238857893787,-0.5846420844860483,-0.5762148111961592,-0.4835148050073804,0.1906670581837382,-0.28229219655096843,-0.2951602169065681,-0.23725412530636944,-0.30159422708436795,-0.31446224743996765,-0.25012214566196916,1.0945859814981993,0.5476951163852122,1.5449666939441888,-0.26299016601756886,-0.31767925252886753,-0.21795209477296992,-0.3691513339512663,-0.38523635939576595,-0.35306630850676674,0.39971288229581553,0.29,0.27,0.4,0.24,0.2,0.34,7.26,3.82,8.81,0.73,0.38,0.88,0.26,0.15,0.42,1.42
-0.6804968576358856,-0.5845677851938224,-0.5366032489727909,-0.6964850363762294,-0.6165441426745101,-0.5685796064534785,1.222096412465034,2.677020677836325,3.5403823298148938,-0.6165441426745101,-0.47265053401141544,-0.3927096403096961,-0.6964850363762294,-0.6485205001551979,-0.3927096403096961,-0.5366032489727909,-0.9527867368445009,-0.8880538799888236,-0.8233210231331464,-1.0175195937001784,-0.9527867368445009,-0.855687451560985,2.122023963800172,3.5137803861972348,5.067368950733491,-0.8880538799888236,-0.7262217378496303,-0.5967560241382757,-0.9851531652723396,-0.9204203084166622,-0.30545816828772754,-0.7909545947053076,-0.17301036713139334,-0.18060932760660792,-0.1565334132296905,-0.18113598823360297,-0.18595117110898646,-0.16322952691577064,0.5642392734292746,0.5016042774330753,0.9460306093844852,-0.13949218008477862,-0.14686542886270956,-0.10123404739520833,-0.19750008628666402,-0.1999452963405697,-0.18659068758462333,0.00022336053377023998,0.443759765625,0.260068359375,0.53109375,0.3544921875,0.2126953125,0.45697265625000005,8.490087890625,5.2284375,10.944785156250001,0.853037109375,0.52529296875,1.0995703125,0.25265625,0.19368164062499998,0.3802734375,2.21138671875
-0.7439658452043793,-0.45196193482113084,-0.43478523421035153,-0.7611425458151586,-0.5378454378750275,-0.5034920366534689,1.04241101831667,2.8803179836700568,3.670446211765905,-0.675259042761262,-0.4863153360426895,-0.4176085335995722,-0.7267891445935999,-0.7096124439828206,-0.5206687372642481,-0.623728940928924,-0.3291310135262094,-0.2875907692665996,-0.2633396210815202,-0.34143063892151276,-0.30650434416692474,-0.27958440933946815,0.9086058175275803,0.9466650357319155,1.6737353444769276,-0.26763288654969214,-0.2624113474667803,-0.18954186870969963,-0.3449116649767873,-0.35349819591313125,-0.30627227576323973,0.0028428379451408904,-0.459020565630073,-0.5370479658965397,-0.4102534404635314,-0.488280840729998,-0.5858150910630813,-0.429760290530148,1.540431566198134,1.540431566198134,2.7888699704616,-0.488280840729998,-0.488280840729998,-0.36148631529698977,-0.6248287911963146,-0.605321941129698,-0.517541115829923,0.12618493636842662,0.5,0.24,0.56,0.42,0.2,0.47,8.59,2.84,9.51,0.86,0.28,0.95,0.24,0.11,0.32,1.61
-0.202036927240928,-0.17647545679347404,-0.1568367660838448,-0.21045350897362627,-0.18910032939252144,-0.1685264629348146,0.5673009881775641,0.46474338113838914,0.9739465759666334,-0.17055267705564936,-0.1805278850351436,-0.12971666938959486,-0.22822184818710034,-0.23398876530024545,-0.22214320582459607,0.2625895569289515,-0.11997071954734005,-0.07776466165909378,-0.07649847992244639,-0.12208102244175237,-0.0933809030777449,-0.09084853960445013,0.052652057215587196,0.491172998674466,0.5460408739291861,-0.11279568970633819,-0.06890138950256207,-0.06341460197709005,-0.12376926475728223,-0.11912659838957514,-0.1195486589684576,0.09823459973489318,-0.2705041582460692,-0.28248567597270047,-0.2386675540010205,-0.28317033412850795,-0.29652116816675417,-0.24962208449394047,0.9505836626366059,0.6274250130954662,1.450726445453984,-0.2331902887545605,-0.26536922207751296,-0.18321024338061304,-0.32801544333389915,-0.3341773667361666,-0.3146646092956529,0.2508630274013414,0.25875000000000004,0.2075,0.3375,0.21125,0.17625000000000002,0.29500000000000004,4.672499999999999,3.7475,6.59,0.4675,0.375,0.65875,0.13625,0.13124999999999998,0.2175,1.6575
-0.4141728247603499,-0.3811381029449681,-0.3216756036772807,-0.44060060221265535,-0.42077976912342624,-0.35471032549266257,0.7948979936826257,1.6009452059779428,2.281460475374809,-0.44720754657573175,-0.3679242142188153,-0.3018547705880516,-0.5330978232957245,-0.506670045843419,-0.4604214353018844,0.27294938899959253,-0.4348677363176389,-0.1834276233756865,-0.17518368524644218,-0.44311167444688326,-0.24525715934501904,-0.2287692830865304,0.6904298183242136,1.0778949103986974,1.6714584557042897,-0.39777001473603935,-0.3565503240898176,-0.2988427571851073,-0.4678434888346162,-0.48433136509310487,-0.4678434888346162,0.7440154161643017,-0.2279196023483623,-0.3579084314333628,-0.203327121170119,-0.2806177763017409,-0.37547448941782235,-0.24197244873592996,0.987651610176237,0.5449869489678569,1.4970672917255634,-0.3192631038675519,-0.36142164303025476,-0.2665649299141733,-0.4281726633712009,-0.4281726633712009,-0.41411981698363337,0.8752288390756959,0.41,0.57,0.7,0.33,0.46,0.6,5.08,5.24,8.19,0.51,0.52,0.82,0.16,0.14,0.22,2.49
